Backend,Algorithm,Qubits,SABRE_Depth,SABRE_2Q_Gates,SABRE_Entropy,SABRE_KL_Div,SABRE_HOP,SABRE_XEB,PROM_Depth,PROM_2Q_Gates,PROM_Entropy,PROM_KL_Div,PROM_HOP,PROM_XEB
ibm_kingston,QAOA,8,79,28,7.963959843691128,0.01397698144592715,0.5664599999999999,0.8810078938358551,163,28,7.889281657530406,0.07711550996549858,0.58043,1.0942494800447649
ibm_kingston,QAOA,12,110,44,11.909964119338122,0.07114786504141289,0.5741700000000001,0.7477671666435777,227,44,11.870860093396896,0.12166535097200461,0.5656000000000001,0.6693002486154891
ibm_kingston,QAOA,16,139,60,15.414633951883145,5.079778609026853,0.5576800000000001,0.581152278924142,291,60,15.365763197045004,5.483776989720399,0.5611200000000001,0.6102929846998156
ibm_kingston,QFT,8,183,91,7.955351337799003,0.04527713311703096,0.48489000000000004,-0.0,1282,875,6.604469445496292,1.6369669619614002,0.42512000000000005,0.1111111111111111
ibm_kingston,QFT,12,411,275,11.579314868358395,0.47178563168620613,0.45461,-0.07692307692307693,3369,2871,10.966392688343502,1.1923461357203669,0.43953000000000003,-0.038461538461538464
ibm_kingston,QFT,16,503,486,15.163488761688402,7.194702994449916,0.35475,0.02857142857142857,6099,6624,14.739079484182902,9.585222870800479,0.35836,0.05714285714285714
